-- DispoTrack — Seed Transactions & Assets
-- Run in Supabase SQL Editor
-- Creates 10 transactions across existing clients with ~60 assets total.
-- internal_asset_id is auto-generated by trigger — do NOT provide it.
-- Also creates inventory records + journal entries to match the intake workflow.
-- Transaction numbers use .99xxx sequences to avoid conflicts with app-created data.

-- ============================================================================
-- CLEANUP (idempotent — safe to re-run)
-- ============================================================================

-- Delete in dependency order (children first)
DELETE FROM inventory_journal WHERE asset_id IN (SELECT id FROM assets WHERE id::text LIKE 'b0000001-0001-4000-8000-0000000000%');
DELETE FROM inventory WHERE asset_id IN (SELECT id FROM assets WHERE id::text LIKE 'b0000001-0001-4000-8000-0000000000%');
DELETE FROM asset_status_history WHERE asset_id IN (SELECT id FROM assets WHERE id::text LIKE 'b0000001-0001-4000-8000-0000000000%');
DELETE FROM asset_sanitization WHERE asset_id IN (SELECT id FROM assets WHERE id::text LIKE 'b0000001-0001-4000-8000-0000000000%');
DELETE FROM asset_grading WHERE asset_id IN (SELECT id FROM assets WHERE id::text LIKE 'b0000001-0001-4000-8000-0000000000%');
DELETE FROM asset_hard_drives WHERE asset_id IN (SELECT id FROM assets WHERE id::text LIKE 'b0000001-0001-4000-8000-0000000000%');
DELETE FROM asset_sales WHERE asset_id IN (SELECT id FROM assets WHERE id::text LIKE 'b0000001-0001-4000-8000-0000000000%');
DELETE FROM assets WHERE id::text LIKE 'b0000001-0001-4000-8000-0000000000%';
DELETE FROM transactions WHERE id::text LIKE 'a0000001-0001-4000-8000-0000000000%';

-- ============================================================================
-- TRANSACTIONS (10)
-- ============================================================================

INSERT INTO public.transactions (id, transaction_number, transaction_date, client_id, special_instructions) VALUES
  -- T1: Baptist Memorial — 8 desktops, 2 monitors (quarterly bulk pickup)
  ('a0000001-0001-4000-8000-000000000001', 'T20260215.99001', '2026-02-15',
   (SELECT id FROM clients WHERE account_number = 'BA0400'),
   'HIPAA wipe required on all units. Drives must be shredded per Baptist compliance policy.'),

  -- T2: Pine Valley Schools — 12 laptops (annual summer refresh batch 1)
  ('a0000001-0001-4000-8000-000000000002', 'T20260220.99002', '2026-02-20',
   (SELECT id FROM clients WHERE account_number = 'PV0700'),
   'Student laptops — full data wipe certification required. Mix of Chromebooks and Dell Latitudes.'),

  -- T3: Atlas Telecom — 6 network devices + 2 servers (decommission batch)
  ('a0000001-0001-4000-8000-000000000003', 'T20260222.99003', '2026-02-22',
   (SELECT id FROM clients WHERE account_number = 'AT0900'),
   'Rack-mount equipment — handle with care. Some units are 4U servers. Include serial numbers from asset tags.'),

  -- T4: Gulf Coast Credit Union — 5 desktops + 3 monitors (monthly PCI refresh)
  ('a0000001-0001-4000-8000-000000000004', 'T20260225.99004', '2026-02-25',
   (SELECT id FROM clients WHERE account_number = 'GC1000'),
   'PCI compliance: ALL drives must be physically destroyed. Certificate of Destruction required for each unit.'),

  -- T5: Whitfield Foods — 4 printers + 3 phones (office cleanout)
  ('a0000001-0001-4000-8000-000000000005', 'T20260226.99005', '2026-02-26',
   (SELECT id FROM clients WHERE account_number = 'WH0800'),
   'Equipment from Building C offices. Some printer units have corrosion from production floor proximity.'),

  -- T6: Summit Ridge Energy — 5 laptops (field return)
  ('a0000001-0001-4000-8000-000000000006', 'T20260228.99006', '2026-02-28',
   (SELECT id FROM clients WHERE account_number = 'SR1200'),
   'Field laptops — expect heavy wear. 2 units are Panasonic Toughbooks. Check for cracked screens.'),

  -- T7: Delta Medical — 4 desktops + 2 monitors (clinical workstation refresh)
  ('a0000001-0001-4000-8000-000000000007', 'T20260301.99007', '2026-03-01',
   (SELECT id FROM clients WHERE account_number = 'DM1100'),
   'Clinical workstations — HIPAA wipe required. Units may have medical label stickers — remove before resale.'),

  -- T8: Northrop Realty — 3 desktops + 1 printer (small monthly batch)
  ('a0000001-0001-4000-8000-000000000008', 'T20260301.99008', '2026-03-01',
   (SELECT id FROM clients WHERE account_number = 'NR0500'),
   NULL),

  -- T9: Consolidated Steel — 3 servers + 2 network switches (data center decom)
  ('a0000001-0001-4000-8000-000000000009', 'T20260302.99009', '2026-03-02',
   (SELECT id FROM clients WHERE account_number = 'CS0600'),
   'Heavy equipment — use pallet jack. Servers are Dell PowerEdge R740s. Network switches are Cisco Catalyst.'),

  -- T10: Luxe Hospitality — 2 desktops + 2 monitors + 1 printer + 1 phone (property refresh)
  ('a0000001-0001-4000-8000-000000000010', 'T20260303.99010', '2026-03-03',
   (SELECT id FROM clients WHERE account_number = 'LX1300'),
   'From the Marriott Downtown property. POS terminal is a custom AiO unit — treat as desktop category.');


-- ============================================================================
-- ASSETS (~60 total across all transactions)
-- ============================================================================

-- Helper: We use explicit UUIDs so we can create matching inventory/journal records below.

-- ---------------------------------------------------------------------------
-- T1: Baptist Memorial — 8 desktops + 2 monitors (10 assets)
-- ---------------------------------------------------------------------------
INSERT INTO public.assets (id, transaction_id, serial_number, asset_type, tracking_mode, manufacturer, model, model_name, asset_tag, quantity, status, notes) VALUES
  ('b0000001-0001-4000-8000-000000000001', 'a0000001-0001-4000-8000-000000000001', 'MXL1234ABC', 'desktop', 'serialized', 'HP', 'ProDesk 400 G6', 'ProDesk 400', 'BMH-PC-0412', 1, 'received', NULL),
  ('b0000001-0001-4000-8000-000000000002', 'a0000001-0001-4000-8000-000000000001', 'MXL1234ABD', 'desktop', 'serialized', 'HP', 'ProDesk 400 G6', 'ProDesk 400', 'BMH-PC-0413', 1, 'received', NULL),
  ('b0000001-0001-4000-8000-000000000003', 'a0000001-0001-4000-8000-000000000001', 'MXL1234ABE', 'desktop', 'serialized', 'HP', 'ProDesk 400 G6', 'ProDesk 400', 'BMH-PC-0414', 1, 'in_process', NULL),
  ('b0000001-0001-4000-8000-000000000004', 'a0000001-0001-4000-8000-000000000001', 'MXL1234ABF', 'desktop', 'serialized', 'HP', 'EliteDesk 800 G5', 'EliteDesk 800', 'BMH-PC-0520', 1, 'tested', 'Unit powers up fine. i5-9500, 16GB RAM.'),
  ('b0000001-0001-4000-8000-000000000005', 'a0000001-0001-4000-8000-000000000001', 'MXL1234ABG', 'desktop', 'serialized', 'HP', 'EliteDesk 800 G5', 'EliteDesk 800', 'BMH-PC-0521', 1, 'graded', 'Cosmetic C2, Functional F1. Ready for sanitization.'),
  ('b0000001-0001-4000-8000-000000000006', 'a0000001-0001-4000-8000-000000000001', 'MXL1234ABH', 'desktop', 'serialized', 'Dell', 'OptiPlex 7080', 'OptiPlex 7080', 'BMH-PC-0601', 1, 'sanitized', 'Drive wiped — NIST 800-88 clear.'),
  ('b0000001-0001-4000-8000-000000000007', 'a0000001-0001-4000-8000-000000000001', 'MXL1234ABI', 'desktop', 'serialized', 'Dell', 'OptiPlex 7080', 'OptiPlex 7080', 'BMH-PC-0602', 1, 'available', 'Ready for sale. i7-10700, 32GB.'),
  ('b0000001-0001-4000-8000-000000000008', 'a0000001-0001-4000-8000-000000000001', 'MXL1234ABJ', 'desktop', 'serialized', 'Dell', 'OptiPlex 5090', 'OptiPlex 5090', 'BMH-PC-0603', 1, 'received', NULL),
  ('b0000001-0001-4000-8000-000000000009', 'a0000001-0001-4000-8000-000000000001', 'CN41234XYZ', 'monitor', 'serialized', 'Dell', 'P2422H', 'P2422H', 'BMH-MON-0101', 1, 'received', '24-inch IPS panel.'),
  ('b0000001-0001-4000-8000-000000000010', 'a0000001-0001-4000-8000-000000000001', 'CN41234XYA', 'monitor', 'serialized', 'HP', 'E243', 'E243', 'BMH-MON-0102', 1, 'tested', 'No dead pixels. Power cable included.');

-- ---------------------------------------------------------------------------
-- T2: Pine Valley Schools — 12 laptops
-- ---------------------------------------------------------------------------
INSERT INTO public.assets (id, transaction_id, serial_number, asset_type, tracking_mode, manufacturer, model, model_name, asset_tag, quantity, status, notes) VALUES
  ('b0000001-0001-4000-8000-000000000011', 'a0000001-0001-4000-8000-000000000002', '5CD1234PV01', 'laptop', 'serialized', 'Dell', 'Latitude 5520', 'Latitude 5520', 'PVSD-L-1001', 1, 'received', NULL),
  ('b0000001-0001-4000-8000-000000000012', 'a0000001-0001-4000-8000-000000000002', '5CD1234PV02', 'laptop', 'serialized', 'Dell', 'Latitude 5520', 'Latitude 5520', 'PVSD-L-1002', 1, 'received', NULL),
  ('b0000001-0001-4000-8000-000000000013', 'a0000001-0001-4000-8000-000000000002', '5CD1234PV03', 'laptop', 'serialized', 'Dell', 'Latitude 5520', 'Latitude 5520', 'PVSD-L-1003', 1, 'in_process', NULL),
  ('b0000001-0001-4000-8000-000000000014', 'a0000001-0001-4000-8000-000000000002', '5CD1234PV04', 'laptop', 'serialized', 'Dell', 'Latitude 5520', 'Latitude 5520', 'PVSD-L-1004', 1, 'in_process', NULL),
  ('b0000001-0001-4000-8000-000000000015', 'a0000001-0001-4000-8000-000000000002', '5CD1234PV05', 'laptop', 'serialized', 'Dell', 'Latitude 3520', 'Latitude 3520', 'PVSD-L-1005', 1, 'tested', 'Battery holds charge. Screen good.'),
  ('b0000001-0001-4000-8000-000000000016', 'a0000001-0001-4000-8000-000000000002', '5CD1234PV06', 'laptop', 'serialized', 'Dell', 'Latitude 3520', 'Latitude 3520', 'PVSD-L-1006', 1, 'graded', 'C3 cosmetic — scratches on lid. F1 functional.'),
  ('b0000001-0001-4000-8000-000000000017', 'a0000001-0001-4000-8000-000000000002', 'HX5678CB01', 'laptop', 'serialized', 'HP', 'Chromebook 11 G9', 'Chromebook 11', 'PVSD-CB-2001', 1, 'received', 'Chromebook — student use.'),
  ('b0000001-0001-4000-8000-000000000018', 'a0000001-0001-4000-8000-000000000002', 'HX5678CB02', 'laptop', 'serialized', 'HP', 'Chromebook 11 G9', 'Chromebook 11', 'PVSD-CB-2002', 1, 'received', 'Chromebook — student use.'),
  ('b0000001-0001-4000-8000-000000000019', 'a0000001-0001-4000-8000-000000000002', 'HX5678CB03', 'laptop', 'serialized', 'HP', 'Chromebook 11 G9', 'Chromebook 11', 'PVSD-CB-2003', 1, 'tested', 'Keyboard works. Screen has minor scratch.'),
  ('b0000001-0001-4000-8000-000000000020', 'a0000001-0001-4000-8000-000000000002', 'HX5678CB04', 'laptop', 'serialized', 'HP', 'Chromebook 14 G7', 'Chromebook 14', 'PVSD-CB-2004', 1, 'sanitized', 'Enterprise-wiped via Google Admin. Verified.'),
  ('b0000001-0001-4000-8000-000000000021', 'a0000001-0001-4000-8000-000000000002', 'HX5678CB05', 'laptop', 'serialized', 'HP', 'Chromebook 14 G7', 'Chromebook 14', 'PVSD-CB-2005', 1, 'available', 'Ready for sale. Good condition.'),
  ('b0000001-0001-4000-8000-000000000022', 'a0000001-0001-4000-8000-000000000002', NULL, 'laptop', 'serialized', 'Dell', 'Latitude 5520', 'Latitude 5520', 'PVSD-L-1007', 1, 'received', 'Serial tag missing — will generate.');

-- ---------------------------------------------------------------------------
-- T3: Atlas Telecom — 6 network + 2 servers (8 assets)
-- ---------------------------------------------------------------------------
INSERT INTO public.assets (id, transaction_id, serial_number, asset_type, tracking_mode, manufacturer, model, model_name, asset_tag, quantity, status, notes) VALUES
  ('b0000001-0001-4000-8000-000000000023', 'a0000001-0001-4000-8000-000000000003', 'FOC2345X001', 'network', 'serialized', 'Cisco', 'Catalyst 9300-48P', 'Catalyst 9300', 'AT-SW-4001', 1, 'received', '48-port PoE+ switch.'),
  ('b0000001-0001-4000-8000-000000000024', 'a0000001-0001-4000-8000-000000000003', 'FOC2345X002', 'network', 'serialized', 'Cisco', 'Catalyst 9300-48P', 'Catalyst 9300', 'AT-SW-4002', 1, 'in_process', NULL),
  ('b0000001-0001-4000-8000-000000000025', 'a0000001-0001-4000-8000-000000000003', 'FOC2345X003', 'network', 'serialized', 'Cisco', 'Catalyst 9200-24T', 'Catalyst 9200', 'AT-SW-4003', 1, 'tested', 'All ports tested OK. IOS 17.6.'),
  ('b0000001-0001-4000-8000-000000000026', 'a0000001-0001-4000-8000-000000000003', 'FOC2345X004', 'network', 'serialized', 'Juniper', 'EX3400-48P', 'EX3400', 'AT-SW-4004', 1, 'received', NULL),
  ('b0000001-0001-4000-8000-000000000027', 'a0000001-0001-4000-8000-000000000003', 'JMX9876RTR1', 'network', 'serialized', 'Cisco', 'ISR 4331', 'ISR 4331', 'AT-RTR-5001', 1, 'graded', 'C2 cosmetic, F1 functional. Good candidate for resale.'),
  ('b0000001-0001-4000-8000-000000000028', 'a0000001-0001-4000-8000-000000000003', 'JMX9876RTR2', 'network', 'serialized', 'Cisco', 'ISR 4431', 'ISR 4431', 'AT-RTR-5002', 1, 'available', 'Wiped, tested, ready for sale.'),
  ('b0000001-0001-4000-8000-000000000029', 'a0000001-0001-4000-8000-000000000003', 'SVCTAG00S01', 'server', 'serialized', 'Dell', 'PowerEdge R740', 'PowerEdge R740', 'AT-SRV-6001', 1, 'received', '2U rack-mount. Dual Xeon Gold 6230. 128GB RAM.'),
  ('b0000001-0001-4000-8000-000000000030', 'a0000001-0001-4000-8000-000000000003', 'SVCTAG00S02', 'server', 'serialized', 'Dell', 'PowerEdge R740', 'PowerEdge R740', 'AT-SRV-6002', 1, 'in_process', '2U rack-mount. Need to pull drives for separate wipe.');

-- ---------------------------------------------------------------------------
-- T4: Gulf Coast CU — 5 desktops + 3 monitors (8 assets)
-- ---------------------------------------------------------------------------
INSERT INTO public.assets (id, transaction_id, serial_number, asset_type, tracking_mode, manufacturer, model, model_name, asset_tag, quantity, status, notes) VALUES
  ('b0000001-0001-4000-8000-000000000031', 'a0000001-0001-4000-8000-000000000004', 'GCCU-D-0101', 'desktop', 'serialized', 'Lenovo', 'ThinkCentre M920q', 'ThinkCentre M920q', 'GC-PC-0101', 1, 'sanitized', 'Drive shredded per PCI requirement.'),
  ('b0000001-0001-4000-8000-000000000032', 'a0000001-0001-4000-8000-000000000004', 'GCCU-D-0102', 'desktop', 'serialized', 'Lenovo', 'ThinkCentre M920q', 'ThinkCentre M920q', 'GC-PC-0102', 1, 'sanitized', 'Drive shredded per PCI requirement.'),
  ('b0000001-0001-4000-8000-000000000033', 'a0000001-0001-4000-8000-000000000004', 'GCCU-D-0103', 'desktop', 'serialized', 'Lenovo', 'ThinkCentre M920q', 'ThinkCentre M920q', 'GC-PC-0103', 1, 'graded', 'C1 cosmetic, F1 functional. Excellent condition.'),
  ('b0000001-0001-4000-8000-000000000034', 'a0000001-0001-4000-8000-000000000004', 'GCCU-D-0104', 'desktop', 'serialized', 'Dell', 'OptiPlex 7090', 'OptiPlex 7090', 'GC-PC-0104', 1, 'tested', NULL),
  ('b0000001-0001-4000-8000-000000000035', 'a0000001-0001-4000-8000-000000000004', 'GCCU-D-0105', 'desktop', 'serialized', 'Dell', 'OptiPlex 7090', 'OptiPlex 7090', 'GC-PC-0105', 1, 'received', NULL),
  ('b0000001-0001-4000-8000-000000000036', 'a0000001-0001-4000-8000-000000000004', 'CN7890GC01', 'monitor', 'serialized', 'Dell', 'U2422H', 'U2422H', NULL, 1, 'received', '24-inch USB-C monitor.'),
  ('b0000001-0001-4000-8000-000000000037', 'a0000001-0001-4000-8000-000000000004', 'CN7890GC02', 'monitor', 'serialized', 'Dell', 'U2422H', 'U2422H', NULL, 1, 'tested', 'No dead pixels. All ports working.'),
  ('b0000001-0001-4000-8000-000000000038', 'a0000001-0001-4000-8000-000000000004', 'CN7890GC03', 'monitor', 'serialized', 'Dell', 'P2723QE', 'P2723QE', NULL, 1, 'available', '27-inch 4K. Excellent condition. High resale value.');

-- ---------------------------------------------------------------------------
-- T5: Whitfield Foods — 4 printers + 3 phones (7 assets)
-- ---------------------------------------------------------------------------
INSERT INTO public.assets (id, transaction_id, serial_number, asset_type, tracking_mode, manufacturer, model, model_name, asset_tag, quantity, status, notes) VALUES
  ('b0000001-0001-4000-8000-000000000039', 'a0000001-0001-4000-8000-000000000005', 'VNB1234PR01', 'printer', 'serialized', 'HP', 'LaserJet Pro M404dn', 'LaserJet Pro M404dn', 'WF-PR-0201', 1, 'received', 'Some rust on paper tray from production floor.'),
  ('b0000001-0001-4000-8000-000000000040', 'a0000001-0001-4000-8000-000000000005', 'VNB1234PR02', 'printer', 'serialized', 'HP', 'LaserJet Pro M404dn', 'LaserJet Pro M404dn', 'WF-PR-0202', 1, 'tested', 'Prints clean test page. 12K page count.'),
  ('b0000001-0001-4000-8000-000000000041', 'a0000001-0001-4000-8000-000000000005', 'VNB1234PR03', 'printer', 'serialized', 'Brother', 'HL-L2395DW', 'HL-L2395DW', 'WF-PR-0203', 1, 'received', 'Wireless laser printer. Toner low.'),
  ('b0000001-0001-4000-8000-000000000042', 'a0000001-0001-4000-8000-000000000005', 'VNB1234PR04', 'printer', 'serialized', 'Lexmark', 'MS521dn', 'MS521dn', 'WF-PR-0204', 1, 'recycled', 'Fuser unit failed. Not worth repair — recycle.'),
  ('b0000001-0001-4000-8000-000000000043', 'a0000001-0001-4000-8000-000000000005', 'PHN0001WF01', 'phone', 'serialized', 'Cisco', 'IP Phone 8845', 'IP Phone 8845', 'WF-PH-0301', 1, 'received', NULL),
  ('b0000001-0001-4000-8000-000000000044', 'a0000001-0001-4000-8000-000000000005', 'PHN0001WF02', 'phone', 'serialized', 'Cisco', 'IP Phone 8845', 'IP Phone 8845', 'WF-PH-0302', 1, 'tested', 'Powers up, display works, handset good.'),
  ('b0000001-0001-4000-8000-000000000045', 'a0000001-0001-4000-8000-000000000005', 'PHN0001WF03', 'phone', 'serialized', 'Polycom', 'VVX 450', 'VVX 450', 'WF-PH-0303', 1, 'received', NULL);

-- ---------------------------------------------------------------------------
-- T6: Summit Ridge — 5 laptops
-- ---------------------------------------------------------------------------
INSERT INTO public.assets (id, transaction_id, serial_number, asset_type, tracking_mode, manufacturer, model, model_name, asset_tag, quantity, status, notes) VALUES
  ('b0000001-0001-4000-8000-000000000046', 'a0000001-0001-4000-8000-000000000006', 'TB5678SR01', 'laptop', 'serialized', 'Panasonic', 'Toughbook CF-33', 'Toughbook CF-33', 'SR-FL-7001', 1, 'received', 'Ruggedized field laptop. Heavy cosmetic wear but expected.'),
  ('b0000001-0001-4000-8000-000000000047', 'a0000001-0001-4000-8000-000000000006', 'TB5678SR02', 'laptop', 'serialized', 'Panasonic', 'Toughbook CF-33', 'Toughbook CF-33', 'SR-FL-7002', 1, 'tested', 'Screen cracked — needs replacement. Otherwise functional.'),
  ('b0000001-0001-4000-8000-000000000048', 'a0000001-0001-4000-8000-000000000006', '5CD9012SR03', 'laptop', 'serialized', 'Dell', 'Latitude 5430 Rugged', 'Latitude 5430 Rugged', 'SR-FL-7003', 1, 'in_process', NULL),
  ('b0000001-0001-4000-8000-000000000049', 'a0000001-0001-4000-8000-000000000006', '5CD9012SR04', 'laptop', 'serialized', 'Dell', 'Latitude 7420', 'Latitude 7420', 'SR-FL-7004', 1, 'graded', 'C4 cosmetic — dents on case. F2 functional — battery weak.'),
  ('b0000001-0001-4000-8000-000000000050', 'a0000001-0001-4000-8000-000000000006', '5CD9012SR05', 'laptop', 'serialized', 'Dell', 'Latitude 7420', 'Latitude 7420', 'SR-FL-7005', 1, 'available', 'Wiped, graded C2/F1. Good resale candidate.');

-- ---------------------------------------------------------------------------
-- T7: Delta Medical — 4 desktops + 2 monitors (6 assets)
-- ---------------------------------------------------------------------------
INSERT INTO public.assets (id, transaction_id, serial_number, asset_type, tracking_mode, manufacturer, model, model_name, asset_tag, quantity, status, notes) VALUES
  ('b0000001-0001-4000-8000-000000000051', 'a0000001-0001-4000-8000-000000000007', 'DMC-WS-0101', 'desktop', 'serialized', 'HP', 'ProDesk 600 G6', 'ProDesk 600', 'DMC-WS-0101', 1, 'received', 'Clinical workstation — medical label stickers present.'),
  ('b0000001-0001-4000-8000-000000000052', 'a0000001-0001-4000-8000-000000000007', 'DMC-WS-0102', 'desktop', 'serialized', 'HP', 'ProDesk 600 G6', 'ProDesk 600', 'DMC-WS-0102', 1, 'in_process', NULL),
  ('b0000001-0001-4000-8000-000000000053', 'a0000001-0001-4000-8000-000000000007', 'DMC-WS-0103', 'desktop', 'serialized', 'HP', 'EliteDesk 800 G6', 'EliteDesk 800', 'DMC-WS-0103', 1, 'tested', 'Powers up, runs diagnostics OK.'),
  ('b0000001-0001-4000-8000-000000000054', 'a0000001-0001-4000-8000-000000000007', 'DMC-WS-0104', 'desktop', 'serialized', 'Dell', 'OptiPlex 5080', 'OptiPlex 5080', 'DMC-WS-0104', 1, 'received', NULL),
  ('b0000001-0001-4000-8000-000000000055', 'a0000001-0001-4000-8000-000000000007', 'DMC-MON-0201', 'monitor', 'serialized', 'LG', '24BL650C-B', '24BL650C-B', 'DMC-MON-0201', 1, 'received', '24-inch clinical display.'),
  ('b0000001-0001-4000-8000-000000000056', 'a0000001-0001-4000-8000-000000000007', 'DMC-MON-0202', 'monitor', 'serialized', 'LG', '27BN88U-B', '27BN88U-B', 'DMC-MON-0202', 1, 'tested', '27-inch 4K. No issues found.');

-- ---------------------------------------------------------------------------
-- T8: Northrop Realty — 3 desktops + 1 printer (4 assets)
-- ---------------------------------------------------------------------------
INSERT INTO public.assets (id, transaction_id, serial_number, asset_type, tracking_mode, manufacturer, model, model_name, asset_tag, quantity, status, notes) VALUES
  ('b0000001-0001-4000-8000-000000000057', 'a0000001-0001-4000-8000-000000000008', 'NR-PC-0801', 'desktop', 'serialized', 'Dell', 'OptiPlex 3090', 'OptiPlex 3090', 'NR-0801', 1, 'received', NULL),
  ('b0000001-0001-4000-8000-000000000058', 'a0000001-0001-4000-8000-000000000008', 'NR-PC-0802', 'desktop', 'serialized', 'Dell', 'OptiPlex 3090', 'OptiPlex 3090', 'NR-0802', 1, 'received', NULL),
  ('b0000001-0001-4000-8000-000000000059', 'a0000001-0001-4000-8000-000000000008', 'NR-PC-0803', 'desktop', 'serialized', 'Dell', 'OptiPlex 3090', 'OptiPlex 3090', 'NR-0803', 1, 'in_process', NULL),
  ('b0000001-0001-4000-8000-000000000060', 'a0000001-0001-4000-8000-000000000008', 'NR-PR-0901', 'printer', 'serialized', 'HP', 'Color LaserJet Pro M255dw', 'Color LaserJet Pro M255dw', 'NR-0901', 1, 'received', 'Color laser. Toner about 40% remaining.');

-- ---------------------------------------------------------------------------
-- T9: Consolidated Steel — 3 servers + 2 network (5 assets)
-- ---------------------------------------------------------------------------
INSERT INTO public.assets (id, transaction_id, serial_number, asset_type, tracking_mode, manufacturer, model, model_name, asset_tag, quantity, status, notes) VALUES
  ('b0000001-0001-4000-8000-000000000061', 'a0000001-0001-4000-8000-000000000009', 'SVCTAG-CS01', 'server', 'serialized', 'Dell', 'PowerEdge R740', 'PowerEdge R740', 'CS-SRV-3001', 1, 'received', '2U rack-mount. Dual Xeon Silver 4214. 64GB ECC RAM.'),
  ('b0000001-0001-4000-8000-000000000062', 'a0000001-0001-4000-8000-000000000009', 'SVCTAG-CS02', 'server', 'serialized', 'Dell', 'PowerEdge R740', 'PowerEdge R740', 'CS-SRV-3002', 1, 'in_process', '2U rack-mount. Pulling drives for separate sanitization.'),
  ('b0000001-0001-4000-8000-000000000063', 'a0000001-0001-4000-8000-000000000009', 'SVCTAG-CS03', 'server', 'serialized', 'HP', 'ProLiant DL380 Gen10', 'ProLiant DL380', 'CS-SRV-3003', 1, 'tested', 'All 8 drive bays populated. iLO accessible.'),
  ('b0000001-0001-4000-8000-000000000064', 'a0000001-0001-4000-8000-000000000009', 'FOC-CS-SW01', 'network', 'serialized', 'Cisco', 'Catalyst 2960-X', 'Catalyst 2960-X', 'CS-SW-4001', 1, 'received', '24-port switch. EOL model.'),
  ('b0000001-0001-4000-8000-000000000065', 'a0000001-0001-4000-8000-000000000009', 'FOC-CS-SW02', 'network', 'serialized', 'Cisco', 'Catalyst 2960-X', 'Catalyst 2960-X', 'CS-SW-4002', 1, 'received', '48-port switch. EOL model.');

-- ---------------------------------------------------------------------------
-- T10: Luxe Hospitality — 2 desktops + 2 monitors + 1 printer + 1 phone (6 assets)
-- Also includes one bulk-tracked item (cable lot)
-- ---------------------------------------------------------------------------
INSERT INTO public.assets (id, transaction_id, serial_number, asset_type, tracking_mode, manufacturer, model, model_name, asset_tag, quantity, status, notes) VALUES
  ('b0000001-0001-4000-8000-000000000066', 'a0000001-0001-4000-8000-000000000010', 'LX-PC-1401', 'desktop', 'serialized', 'HP', 'ProDesk 400 G7', 'ProDesk 400', 'LX-DT-1401', 1, 'received', 'Front desk workstation from Marriott Downtown.'),
  ('b0000001-0001-4000-8000-000000000067', 'a0000001-0001-4000-8000-000000000010', 'LX-PC-1402', 'desktop', 'serialized', 'HP', 'ProDesk 400 G7', 'ProDesk 400', 'LX-DT-1402', 1, 'received', 'Back office workstation.'),
  ('b0000001-0001-4000-8000-000000000068', 'a0000001-0001-4000-8000-000000000010', 'LX-MON-1501', 'monitor', 'serialized', 'Samsung', 'S24A400', 'S24A400', NULL, 1, 'received', '24-inch. Lobby display unit.'),
  ('b0000001-0001-4000-8000-000000000069', 'a0000001-0001-4000-8000-000000000010', 'LX-MON-1502', 'monitor', 'serialized', 'Samsung', 'S27A600', 'S27A600', NULL, 1, 'tested', '27-inch. Minor scratch on bezel.'),
  ('b0000001-0001-4000-8000-000000000070', 'a0000001-0001-4000-8000-000000000010', 'LX-PR-1601', 'printer', 'serialized', 'HP', 'OfficeJet Pro 9025e', 'OfficeJet Pro 9025e', 'LX-PR-1601', 1, 'received', 'Inkjet MFP from business center.'),
  ('b0000001-0001-4000-8000-000000000071', 'a0000001-0001-4000-8000-000000000010', 'LX-PH-1701', 'phone', 'serialized', 'Cisco', 'IP Phone 7841', 'IP Phone 7841', NULL, 1, 'received', 'Front desk phone.'),
  -- Bulk item: lot of assorted cables
  ('b0000001-0001-4000-8000-000000000072', 'a0000001-0001-4000-8000-000000000010', NULL, 'other', 'bulk', NULL, NULL, NULL, NULL, 25, 'received', 'Lot of 25 assorted power/display cables from property cleanout.');


-- ============================================================================
-- HARD DRIVES (for assets that would have them — desktops, laptops, servers)
-- Adding drives for a subset of assets to show variety
-- ============================================================================

INSERT INTO public.asset_hard_drives (asset_id, drive_number, serial_number, manufacturer, size, sanitization_method, sanitization_details, sanitization_tech, sanitization_date) VALUES
  -- Baptist Memorial desktop (sanitized)
  ('b0000001-0001-4000-8000-000000000006', 1, 'WD-WMC1T0123456', 'Western Digital', '500GB HDD', 'wipe', 'NIST 800-88 Clear — 3-pass overwrite', 'Amber Holliday', '2026-02-20'),
  -- Baptist Memorial desktop (available)
  ('b0000001-0001-4000-8000-000000000007', 1, 'S5Y1NX0T123456', 'Samsung', '256GB SSD', 'wipe', 'NIST 800-88 Purge — Secure Erase', 'Amber Holliday', '2026-02-22'),
  -- Gulf Coast CU desktops (PCI — drives shredded)
  ('b0000001-0001-4000-8000-000000000031', 1, 'WD-WMC2T0111111', 'Western Digital', '256GB SSD', 'destruct_shred', 'Physical destruction per PCI DSS', 'Amber Holliday', '2026-02-28'),
  ('b0000001-0001-4000-8000-000000000032', 1, 'CT250MX500-22222', 'Crucial', '250GB SSD', 'destruct_shred', 'Physical destruction per PCI DSS', 'Amber Holliday', '2026-02-28'),
  -- Atlas Telecom server (multiple drives)
  ('b0000001-0001-4000-8000-000000000029', 1, 'SEAGATE-ST1-00A1', 'Seagate', '1.2TB SAS 10K', NULL, NULL, NULL, NULL),
  ('b0000001-0001-4000-8000-000000000029', 2, 'SEAGATE-ST1-00A2', 'Seagate', '1.2TB SAS 10K', NULL, NULL, NULL, NULL),
  ('b0000001-0001-4000-8000-000000000029', 3, 'SEAGATE-ST1-00A3', 'Seagate', '1.2TB SAS 10K', NULL, NULL, NULL, NULL),
  ('b0000001-0001-4000-8000-000000000029', 4, 'SEAGATE-ST1-00A4', 'Seagate', '1.2TB SAS 10K', NULL, NULL, NULL, NULL),
  -- Consolidated Steel server (drives being pulled)
  ('b0000001-0001-4000-8000-000000000061', 1, 'TOSHIBA-MG07-001', 'Toshiba', '2TB SATA', NULL, NULL, NULL, NULL),
  ('b0000001-0001-4000-8000-000000000061', 2, 'TOSHIBA-MG07-002', 'Toshiba', '2TB SATA', NULL, NULL, NULL, NULL),
  -- Pine Valley laptop (Chromebook sanitized)
  ('b0000001-0001-4000-8000-000000000020', 1, 'eMMC-HP-CB-001', 'Samsung', '32GB eMMC', 'clear_overwrite', 'Google Admin Console — Enterprise wipe verified', 'Amber Holliday', '2026-02-26');


-- ============================================================================
-- GRADING (for assets that have been graded)
-- ============================================================================

INSERT INTO public.asset_grading (asset_id, cosmetic_category, functioning_category, does_unit_power_up, does_unit_function_properly) VALUES
  ('b0000001-0001-4000-8000-000000000005', 'C2', 'F1', true, true),   -- Baptist HP EliteDesk (graded)
  ('b0000001-0001-4000-8000-000000000007', 'C2', 'F1', true, true),   -- Baptist Dell OptiPlex (available)
  ('b0000001-0001-4000-8000-000000000016', 'C3', 'F1', true, true),   -- Pine Valley Latitude (graded)
  ('b0000001-0001-4000-8000-000000000021', 'C2', 'F1', true, true),   -- Pine Valley Chromebook (available)
  ('b0000001-0001-4000-8000-000000000027', 'C2', 'F1', true, true),   -- Atlas Telecom Cisco ISR (graded)
  ('b0000001-0001-4000-8000-000000000028', 'C2', 'F1', true, true),   -- Atlas Telecom Cisco ISR (available)
  ('b0000001-0001-4000-8000-000000000033', 'C1', 'F1', true, true),   -- Gulf Coast Lenovo (graded — excellent)
  ('b0000001-0001-4000-8000-000000000038', 'C1', 'F1', true, true),   -- Gulf Coast Dell monitor (available)
  ('b0000001-0001-4000-8000-000000000049', 'C4', 'F2', true, true),   -- Summit Ridge Dell Latitude (graded — rough)
  ('b0000001-0001-4000-8000-000000000050', 'C2', 'F1', true, true);   -- Summit Ridge Dell Latitude (available)


-- ============================================================================
-- ASSET SANITIZATION (device-level for non-HD assets, or device-level summary)
-- ============================================================================

INSERT INTO public.asset_sanitization (asset_id, sanitization_method, sanitization_details, inspection_tech) VALUES
  ('b0000001-0001-4000-8000-000000000006', 'wipe', 'NIST 800-88 Clear verified at device level', 'Amber Holliday'),
  ('b0000001-0001-4000-8000-000000000007', 'wipe', 'NIST 800-88 Purge verified at device level', 'Amber Holliday'),
  ('b0000001-0001-4000-8000-000000000031', 'destruct_shred', 'All drives physically destroyed — PCI compliance', 'Amber Holliday'),
  ('b0000001-0001-4000-8000-000000000032', 'destruct_shred', 'All drives physically destroyed — PCI compliance', 'Amber Holliday'),
  ('b0000001-0001-4000-8000-000000000020', 'clear_overwrite', 'Google Admin enterprise wipe', 'Amber Holliday'),
  ('b0000001-0001-4000-8000-000000000021', 'clear_overwrite', 'Google Admin enterprise wipe', 'Amber Holliday');


-- ============================================================================
-- ASSET DESTINATION (set for assets past grading)
-- ============================================================================

UPDATE public.assets SET asset_destination = 'external_reuse', available_for_sale = true
WHERE id IN (
  'b0000001-0001-4000-8000-000000000007',  -- Baptist Dell OptiPlex (available)
  'b0000001-0001-4000-8000-000000000021',  -- Pine Valley Chromebook (available)
  'b0000001-0001-4000-8000-000000000028',  -- Atlas Telecom Cisco ISR (available)
  'b0000001-0001-4000-8000-000000000038',  -- Gulf Coast Dell monitor (available)
  'b0000001-0001-4000-8000-000000000050'   -- Summit Ridge Dell Latitude (available)
);

UPDATE public.assets SET asset_destination = 'recycle'
WHERE id = 'b0000001-0001-4000-8000-000000000042';  -- Whitfield Lexmark printer (recycled)


-- ============================================================================
-- INVENTORY & JOURNAL (one per asset, matching intake workflow)
-- ============================================================================

-- Create inventory records for all 72 assets at RECEIVING location
INSERT INTO public.inventory (asset_id, location, quantity_on_hand, unit_of_measure, status)
SELECT id, 'RECEIVING', quantity, COALESCE(unit_of_measure, 'EA'),
  CASE
    WHEN status = 'available' THEN 'available'
    WHEN status = 'recycled' THEN 'available'
    ELSE 'in_process'
  END
FROM public.assets
WHERE id::text LIKE 'b0000001-0001-4000-8000-0000000000%';

-- Create journal receipt entries for all assets
INSERT INTO public.inventory_journal (inventory_id, asset_id, transaction_id, movement_type, quantity, to_location, reference_number, reason)
SELECT i.id, a.id, a.transaction_id, 'receipt', a.quantity, 'RECEIVING',
  (SELECT t.transaction_number FROM transactions t WHERE t.id = a.transaction_id),
  'Initial receipt at intake'
FROM public.assets a
JOIN public.inventory i ON i.asset_id = a.id
WHERE a.id::text LIKE 'b0000001-0001-4000-8000-0000000000%';


-- ============================================================================
-- STATUS HISTORY (initial "received" entry for all, plus progression for others)
-- ============================================================================

-- All assets get a "received" history entry
INSERT INTO public.asset_status_history (asset_id, previous_status, new_status, reason_for_change)
SELECT id, NULL, 'received', 'Initial intake'
FROM public.assets
WHERE id::text LIKE 'b0000001-0001-4000-8000-0000000000%';

-- Assets that progressed beyond "received" — add additional history
INSERT INTO public.asset_status_history (asset_id, previous_status, new_status, reason_for_change)
SELECT id, 'received', 'in_process', 'Moved to processing'
FROM public.assets
WHERE id::text LIKE 'b0000001-0001-4000-8000-0000000000%'
  AND status IN ('in_process', 'tested', 'graded', 'sanitized', 'available', 'sold', 'recycled');

INSERT INTO public.asset_status_history (asset_id, previous_status, new_status, reason_for_change)
SELECT id, 'in_process', 'tested', 'Testing complete'
FROM public.assets
WHERE id::text LIKE 'b0000001-0001-4000-8000-0000000000%'
  AND status IN ('tested', 'graded', 'sanitized', 'available', 'sold', 'recycled');

INSERT INTO public.asset_status_history (asset_id, previous_status, new_status, reason_for_change)
SELECT id, 'tested', 'graded', 'Grading complete'
FROM public.assets
WHERE id::text LIKE 'b0000001-0001-4000-8000-0000000000%'
  AND status IN ('graded', 'sanitized', 'available', 'sold', 'recycled');

INSERT INTO public.asset_status_history (asset_id, previous_status, new_status, reason_for_change)
SELECT id, 'graded', 'sanitized', 'Sanitization complete'
FROM public.assets
WHERE id::text LIKE 'b0000001-0001-4000-8000-0000000000%'
  AND status IN ('sanitized', 'available', 'sold', 'recycled');

INSERT INTO public.asset_status_history (asset_id, previous_status, new_status, reason_for_change)
SELECT id, 'sanitized', 'available', 'Available for disposition'
FROM public.assets
WHERE id::text LIKE 'b0000001-0001-4000-8000-0000000000%'
  AND status IN ('available', 'sold');

INSERT INTO public.asset_status_history (asset_id, previous_status, new_status, reason_for_change)
SELECT id, 'graded', 'recycled', 'Marked for recycling — not repairable'
FROM public.assets
WHERE id::text LIKE 'b0000001-0001-4000-8000-0000000000%'
  AND status = 'recycled';
